slug,business,email_draft_file,status(queued)
aldos-wilkes-barre,Aldo's Pizzeria & Restaurant,aldos-wilkes-barre.md,queued
brozzettis-johnson-city,Brozzetti's Pizza,brozzettis-johnson-city.md,queued
coppertop-vestal,CopperTop Tavern,coppertop-vestal.md,queued
francos-ithaca,Franco's Pizzeria,francos-ithaca.md,queued
fuji-san-vestal,Fuji San Japanese Restaurant,fuji-san-vestal.md,queued
italian-carry-out-ithaca,Italian Carry Out,italian-carry-out-ithaca.md,queued
mariospizza-owego,Mario's Pizza (Owego),mariospizza-owego.md,queued
michelangelos-binghamton,Michelangelo's Pizzeria & Ristorante,michelangelos-binghamton.md,queued
new-york-pizzeria-binghamton,New York Pizzeria,new-york-pizzeria-binghamton.md,queued
nirchis-binghamton,Nirchi's Pizza,nirchis-binghamton.md,queued
oip-endicott,OIP Endicott,oip-endicott.md,queued
oip-syracuse,OIP Syracuse,oip-syracuse.md,queued
oscugnizzo-utica,O'Scugnizzo Pizzeria,oscugnizzo-utica.md,queued
owego-originals-owego,Owego Original's,owego-originals-owego.md,queued
panda-iii-vestal,Panda III Chinese Restaurant,panda-iii-vestal.md,queued
paul-and-sons-binghamton,Paul & Sons Pizza,paul-and-sons-binghamton.md,queued
pontillos-cortland,Pontillo's Pizzeria of Cortland,pontillos-cortland.md,queued
sals-ithaca,Sal's Pizzeria,sals-ithaca.md,queued
sharkeys-binghamton,Sharkey's Restaurant,sharkeys-binghamton.md,queued
spiedie-and-rib-pit-binghamton,Spiedie and Rib Pit,spiedie-and-rib-pit-binghamton.md,queued
the-colonial-binghamton,The Colonial,the-colonial-binghamton.md,queued
toss-and-fire-syracuse,Toss & Fire Wood-Fired Pizza,toss-and-fire-syracuse.md,queued
