business_name,category,town,region,phone,website,online_ordering,call_volume_indicator,chain_or_independent,source_url,priority,pitch_angle
Paul & Sons Pizza,pizza,Binghamton,Broome,607-296-7692,https://paulandsonspizza.com,yes,very_high_takeout,independent,https://paulandsonspizza.com,A,"Pressconnects #1 (Google reviews); James Beard-nominated owner; takeout-heavy; pitch order-recovery during slice rushes"
Michelangelo's Pizzeria & Ristorante,pizza_italian,Binghamton,Broome,607-724-4045,https://michelangelosristorante.com,yes,very_high_takeout,independent,https://michelangelosristorante.com,A,"Online ordering exists but phone still rings off hook Fri/Sat; 'catches the callers your system misses'"
New York Pizzeria,pizza,Binghamton,Broome,,,unknown,very_high_takeout,independent,https://www.pressconnects.com/story/news/local/2026/07/17/who-serves-the-best-pizza-slice-in-binghamton-see-reader-choice-results/90916426007/,A,"Pressconnects reader-choice #1 (98 votes) - volume king; busy signal almost guaranteed Friday 6pm"
Brozzetti's Pizza,pizza,Binghamton,Broome,,,unknown,very_high_takeout,independent,https://www.pressconnects.com/story/news/local/2026/07/17/who-serves-the-best-pizza-slice-in-binghamton-see-reader-choice-results/90916426007/,A,"Reader-choice #2 (88 votes); cult following; high repeat-call base"
Nick's Pizza & Restaurant,pizza_italian,Endicott,Broome,,,unknown,very_high_takeout,independent,https://www.tripadvisor.com/Restaurants-g47686-c26-Endicott_New_York.html,A,"TripAdvisor #1 Endicott; Reddit top vote; dinner-rush phone load"
Nirchi's Pizza,pizza,Endicott,Broome,,,unknown,very_high_takeout,mini_chain,https://www.pressconnects.com/story/news/local/2026/07/17/who-serves-the-best-pizza-slice-in-binghamton-see-reader-choice-results/90916426007/,A,"Multi-location (Endicott original + spots) - mini-chain pilot candidate; one deploy per line"
Rossi's Pizza,pizza,Binghamton,Broome,,,unknown,high_takeout,independent,https://www.pressconnects.com/story/news/local/2024/07/30/best-pizza-restaurants-in-binghamton-new-york/74547034007/,B,"Google-reviews top-8; neighborhood regulars = repeat callers"
Bella Pizza & Subs,pizza,Binghamton,Broome,,,unknown,high_takeout,independent,https://www.pressconnects.com/story/news/local/2024/07/30/best-pizza-restaurants-in-binghamton-new-york/74547034007/,B,"Google-reviews top-8; subs + pizza = long phone orders"
Taylor's Pizza House,pizza,Binghamton,Broome,,,unknown,high_takeout,independent,https://www.yelp.com/search?cflt=pizza&find_loc=Binghamton%2C+NY,B,"Yelp top takeout; classic Friday-night bottleneck profile"
Pizza Nia's,pizza,Binghamton,Broome,,,unknown,high_takeout,independent,https://www.yelp.com/search?cflt=pizza&find_loc=Binghamton%2C+NY,B,"Yelp list; rising volume shop"
Magro's Italia Pizzeria,pizza_italian,Binghamton,Broome,,,unknown,high_takeout,independent,https://www.facebook.com/groups/516242068402731/posts/10066325100060999/,B,"Local-FB 'hidden gem' - passionate owner-operator, easy yes"
Cacciatore's,italian,Johnson City,Broome,,,unknown,high_dinner_rush,independent,https://981thehawk.com/new-york-states-oldest-restaurant/,A,"'Top rated Binghamton-area Italian' list; family dining + takeout line"
Little Venice,italian,Binghamton,Broome,,,unknown,high_dinner_rush,independent,https://981thehawk.com/new-york-states-oldest-restaurant/,A,"Historic institution; reservation + takeout lines both busy"
A Tavolo,italian,Chenango Bridge,Broome,,,unknown,high_dinner_rush,independent,https://981thehawk.com/new-york-states-oldest-restaurant/,B,"Regional top-rated; destination dining draws pre-callers"
Oaks Inn,italian,Endicott,Broome,,,unknown,high_dinner_rush,independent,https://981thehawk.com/new-york-states-oldest-restaurant/,B,"Top-rated list; classic red-sauce volume"
Tony's Italian Grill,italian,Endicott,Broome,,,unknown,high_dinner_rush,independent,https://981thehawk.com/new-york-states-oldest-restaurant/,B,"Top-rated list"
Ristorante Dell'Arco,italian,Endwell,Broome,,,unknown,high_dinner_rush,independent,https://981thehawk.com/new-york-states-oldest-restaurant/,B,"Top-rated list"
McCoy's Chophouse,steakhouse_american,Endicott,Broome,,,unknown,high_dinner_rush,independent,https://981thehawk.com/new-york-states-oldest-restaurant/,B,"Chophouse; reservation-line value even without orders"
Antonio's Bar & Grill,italian_bar,Endicott,Broome,,,unknown,high_dinner_rush,independent,https://981thehawk.com/new-york-states-oldest-restaurant/,B,"Bar+grill; game-night call spikes"
Consol's Family Kitchen,italian,Endicott,Broome,,,unknown,high_dinner_rush,independent,https://www.tripadvisor.com/Restaurants-g47686-c26-Endicott_New_York.html,B,"TripAdvisor praise: huge portions cheap prices = families phone ahead"
Concordia Restaurant,italian,Endicott,Broome,,,unknown,high_dinner_rush,independent,https://www.opentable.com/nearby/restaurants-near-me-endwell,A,"OpenTable 4.8 near-Endwell; packed weekends = missed calls"
CopperTop Tavern - Vestal,american_grill,Vestal,Broome,607-729-0164,,unknown,very_high_dinner_rush,independent,https://www.yelp.com/search?cflt=italian&find_loc=Johnson+City%2C+NY+13790,A,"On pizza+Italian+spiedie lists simultaneously; 4700 Vestal Pkwy E; biggest single dining room in the area"
Lupo's Char Pit,bbq_spiedie,Binghamton,Broome,,,unknown,very_high_takeout,mini_chain,https://981thehawk.com/new-york-states-oldest-restaurant/,A,"Spiedie institution; retail sauce line too; multi-location = chain pilot"
Sharkey's Restaurant,spiedie_bar,Binghamton,Broome,,,unknown,high_dinner_rush,independent,https://981thehawk.com/new-york-states-oldest-restaurant/,A,"Endicott Ave icon; calls for takeout spiedie trays at rush"
Spiedie and Rib Pit,bbq_spiedie,Johnson City,Broome,,,unknown,very_high_takeout,mini_chain,https://981thehawk.com/new-york-states-oldest-restaurant/,A,"Multi-location spiedie/rib house - chain pilot #2"
Dan Dee Grill,diner_grill,Endicott,Broome,,,unknown,high_takeout,independent,https://981thehawk.com/new-york-states-oldest-restaurant/,B,"Spiedie-list regular; breakfast+lunch call load"
Kelli's Deli,deli,Endicott,Broome,,,unknown,high_lunch_rush,independent,https://981thehawk.com/new-york-states-oldest-restaurant/,B,"Deli = phone-in lunch orders"
Mario's Pizza,pizza,Endicott,Broome,,,unknown,high_takeout,independent,https://981thehawk.com/new-york-states-oldest-restaurant/,B,"Spiedie list crossover; neighborhood shop"
O'Hara's Restaurant,american,Binghamton,Broome,,,unknown,high_dinner_rush,independent,https://981thehawk.com/new-york-states-oldest-restaurant/,B,"Top-spiedie-era institution; bar menu to-go"
Ransom Steele Tavern,gastropub,Apalachin,Tioga,,,unknown,high_dinner_rush,independent,https://981thehawk.com/new-york-states-oldest-restaurant/,B,"Owego/Apalachin destination; weekend reservation misses"
Water Street Brewing,brewpub,Binghamton,Broome,,,unknown,high_dinner_rush,independent,https://981thehawk.com/new-york-states-oldest-restaurant/,C,"Brewpub; secondary target (table service first)"
The Colonial,american_wings,Binghamton,Broome,,,unknown,very_high_takeout,independent,https://www.ubereats.com/city/binghamton-ny,A,"UberEats 'most-ordered' wings/burgers; delivery-heavy + phone line"
Dos Rios Cantina,mexican,Binghamton,Broome,,,unknown,high_takeout,independent,https://www.ubereats.com/city/binghamton-ny,B,"UberEats-popular; big to-go order sizes"
Tipsy Toppings,italian_american,Binghamton,Broome,,,unknown,high_takeout,independent,https://www.ubereats.com/city/binghamton-ny,B,"UberEats-popular Italian"
Far East Chinese Restaurant,chinese,Binghamton,Broome,,,unknown,very_high_takeout,independent,https://www.yahoo.com/news/articles/two-broome-county-eateries-flawless-090221186.html,B,"125 Main St; Chinese takeout = pure phone-order business"
Hunan Hut,chinese,Binghamton,Broome,,,unknown,very_high_takeout,independent,https://www.yahoo.com/news/articles/two-broome-county-eateries-flawless-090221186.html,B,"200 Main St; classic 2-line takeout"
Adriano's,italian,Johnson City,Broome,,,unknown,high_dinner_rush,independent,https://www.yahoo.com/news/articles/two-broome-county-eateries-flawless-090221186.html,B,"263 Floral Ave; family Italian"
Di Cotta's,italian,Johnson City,Broome,,,unknown,high_dinner_rush,independent,https://www.yelp.com/search?cflt=italian&find_loc=Johnson+City%2C+NY+13790,B,"Yelp 4.8 (small sample); JC neighborhood favorite"
P.S. Restaurant,american,Binghamton,Broome,,,unknown,high_lunch_dinner,independent,https://www.yahoo.com/news/articles/two-broome-county-eateries-flawless-090221186.html,C,"99 Court St; steady local"
Royal Indian Bar & Grill,indian,Vestal,Broome,,,unknown,high_dinner_rush,independent,https://www.yahoo.com/news/articles/two-broome-county-eateries-flawless-090221186.html,B,"1101 Bunn Hill Rd; takeout + reservations"
Trailside Inn,american,Vestal,Broome,,,unknown,high_dinner_rush,independent,https://www.yahoo.com/news/articles/two-broome-county-eateries-flawless-090221186.html,C,"2 Pumphouse Rd; event-night spikes"
Brooks House of Bar-B-Q,bbq,Oneonta,Otsego,,,unknown,very_high_takeout,independent,https://991thewhale.com/gallery-lets-take-an-upstate-new-york-food-road-trip/,A,"NY food-roadtrip icon; massive volume; 30 min north = still your turf"
Dinosaur Bar-B-Que,bbq,Syracuse,Onondaga,,,yes,very_high_takeout,chain,https://991thewhale.com/gallery-lets-take-an-upstate-new-york-food-road-trip/,A,"Famous chain location; regional manager pilot pitch (corporate slower but 4+ stores)"
Aniello's Pizza,pizza,Corning,Chemung,,,unknown,high_takeout,independent,https://991thewhale.com/gallery-lets-take-an-upstate-new-york-food-road-trip/,B,"Corning icon; 40 min west"
Doug's Fish Fry,seafood,Skaneateles,Onondaga,,,unknown,very_high_takeout,independent,https://991thewhale.com/gallery-lets-take-an-upstate-new-york-food-road-trip/,B,"Seasonal frenzy; lines out the door = phone melts"
Teddys,american,Rome,Oneida,,,unknown,high_dinner_rush,independent,https://991thewhale.com/gallery-lets-take-an-upstate-new-york-food-road-trip/,C,"Roadtrip list; further out"
Nick Tahou Hots,american,Rochester,Monroe,,,unknown,very_high_takeout,independent,https://991thewhale.com/gallery-lets-take-an-upstate-new-york-food-road-trip/,B,"Garbage-plate icon; late-night phone storm"
Anchor Bar,american_wings,Buffalo,Erie,,,yes,very_high_dinner_rush,chain,https://991thewhale.com/gallery-lets-take-an-upstate-new-york-food-road-trip/,C,"Wings origin house; corporate-y; trophy target only"
Red Lobster - Vestal,seahouse_chain,Vestal,Broome,,,yes,high_dinner_rush,chain,https://www.opentable.com/nearby/restaurants-near-me-endwell,C,"Corporate; chain-pilot research value only"
